<?xml version="1.0" encoding="UTF-8"?>
<libros>
	<libro>
		<titulo categoria="COOKING" idioma="en" ano="2005">Everyday Italian</titulo>
		<autor>Giada De Laurentiis</autor>
		<price>30.00</price>
		</libro>
	<libro>
		<titulo categoria="CHILDREN" idioma="en" ano="2005">Harry Potter</titulo>
		<autor>J.K Rolling</autor>
		<price>39.99</price>
	</libro>
	<libro>
		<titulo categoria="WEB" idioma="en" ano="2003">XQuery Kick Start</titulo>
		<autor>James McGovern-Per Bothner-Kurt Cagle-James Linn-Vaidyanathan Nagarajan</autor>
		<price>49.99</price>
	</libro>
	<libro>
		<titulo categoria="WEB" idioma="en" ano="2003">Learning XML</titulo>
		<autor>Erik T.Ray</autor>
		<price>39.95</price>
	</libro>
</libros>