<?xml version="1.0" encoding="UTF-8"?>
<!DOCTYPE videoclub[
<!ELEMENT videoclub (facturas)>
<!ELEMENT facturas EMPTY>
<!ELEMENT facturas (factura)>
<!ELEMENT factura (datocliente,datosticket)>
<!ELEMENT factura EMPTY>
<!ELEMENT datocliente (nombre,primerapellido,segundoapellido,dni,telefono+)>
<!ATTLIST datocliente idcliente ID #REQUIRED>
<!ELEMENT datocliente (#PCDATA)>
<!ELEMENT nombre (#PCDATA)>
<!ELEMENT primerapellido (#PCDATA)>
<!ELEMENT segundoapellido (#PCDATA)>
<!ELEMENT dni (#PCDATA)>
<!ELEMENT telefono (#PCDATA)>
<!ELEMENT datosticket (alquieres,compra)>
<!ELEMENT datosticket EMPTY>
<!ELEMENT alquieres (alquiler)>
<!ELEMENT alquieres EMPTY>
<!ELEMENT alquiler (pelicula,titulo,genero,duracion,actores)>
<!ELEMENT alquiler EMPTY>
<!ATTLIST alquiler fechadevolucion CDATA #REQUIRED>
<!ELEMENT pelicula (#PCDATA)>
<!ATTLIST pelicula idpeli ID #REQUIRED>
<!ATTLIST pelicula valoracion CDATA #REQUIRED>
<!ELEMENT titulo (#PCDATA)>
<!ELEMENT genero (#PCDATA)>
<!ELEMENT duracion (#PCDATA)>
<!ELEMENT actores (actor+)>
<!ELEMENT actores EMPTY>
<!ELEMENT actor (nombre,apellidos)>
<!ELEMENT actor EMPTY>
<!ELEMENT nombre (#PCDATA)>
<!ELEMENT apellidos (#PCDATA)>
<!ELEMENT fechainicio (#PCDATA)>
<!ELEMENT caractula (software,ruta)>
<!ELEMENT caractula EMPTY>
<!ELEMENT ruta ANY>
<!ELEMENT software ANY>
<!ELEMENT compras (compra)>
<!ELEMENT compras EMPTY>
<!ELEMENT compra (vhs,dvd)>
<!ELEMENT compra EMPTY>
<!ELEMENT vhs (titulo,rebobinada?)>
<!ELEMENT vhs EMPTY>
<!ELEMENT titulo (#PCDATA)>
<!ELEMENT rebobinada (#PCDATA)>
<!ELEMENT dvd (titulo,fechasalida,extras?)>
<!ELEMENT dvd EMPTY>
<!ELEMENT titulo (#PCDATA)>
<!ELEMENT fechasalida (#PCDATA)>
<!ELEMENT extras (#PCDATA)>
<!ELEMENT resguardo (formapago,importetotal)>
<!ELEMENT resguardo EMPTY>
<!ELEMENT formapago (#PCDATA)>
<!ELEMENT importetotal (#PCDATA)>


]>
<videoclub>
	<facturas>
		<factura>
			<datocliente idcliente="1">
				<nombre>Tony</nombre>
				<primerapellido>Cipriano</primerapellido>
				<segundoapellido>TORRE</segundoapellido>
				<dni>132133q</dni>
				<telefono>615434543</telefono>
			</datocliente>
			<datosticket>
				<alquieres>
					<alquiler fechadevolucion="12/4/2020">
						<pelicula idpeli="1234" valoracion="9">Alma oscura</pelicula>
						<titulo>Dark Soul</titulo>
						<genero>Terror</genero>
						<duracion>112</duracion>
						<actores>
							<actor>
								<nombre>Jose</nombre>
								<apellidos>Alcancer</apellidos>
							</actor>
							<actor>
								<nombre>Luisas</nombre>
								<apellidos>Mersata</apellidos>
							</actor>
							<actor>
								<nombre>Antonio</nombre>
								<apellidos>Pedro</apellidos>
							</actor>
						</actores>
						<fechainicio>12/3/2001</fechainicio>
						<caractula>
							<software>visordeimagienes.exe</software>
							<ruta>C://Aplicaciones/caratulas/c0454.jpg</ruta>
						</caractula>
					</alquiler>
				</alquieres>
				<compras>
					<compra>
						<vhs>
							<titulo>Amor y Plata</titulo>
							<rebobinada>Si</rebobinada>
						</vhs>
						<dvd>
							<titulo>Dolor y Gloria</titulo>
							<fechasalida>15/4/2010</fechasalida>
							<extras>Si</extras>
						</dvd>
					</compra>
				</compras>
				<resguardo>
					<formapago>Visa</formapago>
					<importetotal>89,69</importetotal>
				</resguardo>
			</datosticket>
		</factura>
	</facturas>
</videoclub>

