<?xml version="1.0" encoding="UTF-8"?>
<!DOCTYPE tienda[
<!ELEMENT tienda (nombre,direccion,distribuidores)>
<!ELEMENT tienda EMPTY>
<!ELEMENT nombre (#PCDATA)>
<!ELEMENT direccion (#PCDATA)>
<!ELEMENT distribuidores (distribuidor*)>
<!ELEMENT distribuidor (#PCDATA)>
<!ELEMENT moviles (movil+,marca,caracteristicas)>
<!ELEMENT movil EMPTY>
<!ELEMENT marca (#PCDATA)>
<!ATTLIST marca codmodelo CDATA #REQUIRED>
<!ELEMENT caracteristicas (#PCDATA)>
]>
<tienda>
	<nombre>Prueba</nombre>
	<direccion>Calle Dos</direccion>
	<distribuidores>
		<distribuidor></distribuidor>
	</distribuidores>
	<moviles>
		<movil>
		<marca codmodelo="123">23</marca>
		<caracteristicas>434</caracteristicas>
		</movil>
	</moviles>
</tienda>