--Ejercicio 1
INSERT INTO EMPLEADOS
(DNI, NOMBRE, APELLIDO1, APELLIDO2, DIRECC1, DIRECC2, CIUDAD, MUNICIPIO, COD_POSTAL, SEXO, FECHA_NAC)
VALUES (12345678, 'PACO', 'ARROYO', 'DELATORRE', 'C/SANLAZARO', 'C/SANCASTOR', 'El Priorato', 1, 'M', 20001008);

INSERT INTO EMPLEADOS
(DNI, NOMBRE, APELLIDO1, APELLIDO2, DIRECC1, DIRECC2, CIUDAD, MUNICIPIO, COD_POSTAL, SEXO, FECHA_NAC)
VALUES (12345679, 'PACA', 'ARROYO', 'DELATORRE', 'C/SANLAZARO', 'C/SANCASTOR', 'El Priorato', 2, 'F', 20001008);

INSERT INTO EMPLEADOS
(DNI, NOMBRE, APELLIDO1, APELLIDO2, DIRECC1, DIRECC2, CIUDAD, MUNICIPIO, COD_POSTAL, SEXO, FECHA_NAC)
VALUES (12345670, 'PACAA', 'ARROYO', 'DELATORRE', 'C/SANLAZARA', 'C/SANCASTAR', 'El Priorata', 3, 'F', 20001028);


INSERT INTO DEPARTAMENTOS
(DPTO_COD, NOMBRE_DPTO, JEFE, PRESUPUESTO, PRES_ACTUAL)
VALUES (1, 'Chorizo', 1, 1232320, 123213);

INSERT INTO DEPARTAMENTOS
(DPTO_COD, NOMBRE_DPTO, JEFE, PRESUPUESTO, PRES_ACTUAL)
VALUES (2, 'QUESO', 2, 12323299, 1232132);

INSERT INTO DEPARTAMENTOS
(DPTO_COD, NOMBRE_DPTO, JEFE, PRESUPUESTO, PRES_ACTUAL)
VALUES (3, 'TORTILLA', 3, 1232320121, 12983);

INSERT INTO UNIVERSIDADES
(univ_cod, nombre_univ, ciudad, municipio, cod_postal)
VALUES (1, 'Pablo lavide', 'Sevilla', 'ES', 12345);

INSERT INTO UNIVERSIDADES
(univ_cod, nombre_univ, ciudad, municipio, cod_postal)
VALUES (2, 'UAV', 'Madrid', 'MD', 12341);

INSERT INTO UNIVERSIDADES
(univ_cod, nombre_univ, ciudad, municipio, cod_postal)
VALUES (3, 'POLITECNICA', 'Oviedo', 'OV', 12245);

INSERT INTO estudios
(empleado_dni, universidad, ano, grado, especialidad)
VALUES (12345678, 1, 2010, 'SUP', 'Desarrollo Web')

INSERT INTO estudios
(empleado_dni, universidad, ano, grado, especialidad)
VALUES (12345679, 2, 2020, 'MED', 'Desarrollo MUL')

INSERT INTO estudios
(empleado_dni, universidad, ano, grado, especialidad)
VALUES (12345670, 3, 2010, 'SUP', 'Desarrollo Web')

INSERT INTO TRABAJOS
(trabajo_cod, nombre_trab, salario_min, salario_max)
VALUES (123, 'Programador', 10, 15)

INSERT INTO TRABAJOS
(trabajo_cod, nombre_trab, salario_min, salario_max)
VALUES (122, 'Analista', 12, 18)

INSERT INTO TRABAJOS
(trabajo_cod, nombre_trab, salario_min, salario_max)
VALUES (121, 'Dependiente', 8, 12)

INSERT INTO HISTORIAL_LABORAL
(EMPLEADO_DNI, TRAB_COD, FECHA_INICIO, FECHA_FIN, DPTO_COD, SUPERVISOR_DNI)
VALUES (12345678, 123, 20100023, 20121023, 1, 12345670)

INSERT INTO HISTORIAL_LABORAL
(EMPLEADO_DNI, TRAB_COD, FECHA_INICIO, FECHA_FIN, DPTO_COD, SUPERVISOR_DNI)
VALUES (12345679, 122, 20110023, 20131023, 2, 12345670)


INSERT INTO HISTORIAL_LABORAL
(EMPLEADO_DNI, TRAB_COD, FECHA_INICIO, FECHA_FIN, DPTO_COD, SUPERVISOR_DNI)
VALUES (12345670, 121, 20100223, 20151023, 3, 12345670)


INSERT INTO HISTORIAL_SALARIA
(EMPLEADO_DNI, SALARIO, FECHA_COMIENZO, FECHA_FIN)
VALUES (12345678, 1300, 20100023, 20130123)

INSERT INTO HISTORIAL_SALARIA
(EMPLEADO_DNI, SALARIO, FECHA_COMIENZO, FECHA_FIN)
VALUES (12345679, 1500, 20110023, 20130123)

INSERT INTO HISTORIAL_SALARIA
(EMPLEADO_DNI, SALARIO, FECHA_COMIENZO, FECHA_FIN)
VALUES (12345670, 1300, 20100223, 20190123)

